id,name,company_name,m2,gross_max_power,lon,lat,Punktgeometrie (als WKT),source
55308b3f-d5e3-49b9-9f12-b29c360abf2b,Datacenterpark Falkenstein,Hetzner Online GmbH,,,12.333230200000003,50.4780177,POINT (12.333230200000003 50.4780177),mapdatacenter
06dc0690-b62b-11e5-ad0b-02b4d6763261,Neuenstadt am Kocher,Fujitsu Global,,,9.3358075,49.234809,POINT (9.3358075 49.234809),mapdatacenter
07c702cd-b62b-11e5-ad0b-02b4d6763261,Neckarsulm,Fujitsu Global,,,9.2287089,49.1922581,POINT (9.2287089 49.1922581),mapdatacenter
bda82516-e062-4e67-a006-4570120d8802,Digital Park Frankfurt,Interxion,100000,175000,8.755341,50.12402179999999,POINT (8.755341 50.12402179999999),mapdatacenter
07c55521-b62b-11e5-ad0b-02b4d6763261,Frankfurt,HostForLIFE.eu,,,8.6821267,50.1109221,POINT (8.6821267 50.1109221),mapdatacenter
078bf5a9-b62b-11e5-ad0b-02b4d6763261,Frankfurt,Zendesk,,,8.6821267,50.1109221,POINT (8.6821267 50.1109221),mapdatacenter
078a6f11-b62b-11e5-ad0b-02b4d6763261,Börfink,IT Vision Technology,,,7.0780163,49.6876928,POINT (7.0780163 49.6876928),mapdatacenter
07450181-b62b-11e5-ad0b-02b4d6763261,Sankt Ingbert,Skyway DataCenter GmbH,,,7.1048733,49.2788254,POINT (7.1048733 49.2788254),mapdatacenter
06d8d232-b62b-11e5-ad0b-02b4d6763261,Kehl,GCX,,,7.80579,48.57733,POINT (7.80579 48.57733),mapdatacenter
074f88d2-b62b-11e5-ad0b-02b4d6763261,Wuerzburg (Hertzstrasse),euNetworks,,,9.97739,49.80113,POINT (9.97739 49.80113),mapdatacenter
07862940-b62b-11e5-ad0b-02b4d6763261,Magdeburg (Erzbergerstrasse),euNetworks,,,11.63854,52.13777,POINT (11.63854 52.13777),mapdatacenter
06dfd723-b62b-11e5-ad0b-02b4d6763261,Essen (Hachestrasse),euNetworks,,,7.0121692,51.4519057,POINT (7.0121692 51.4519057),mapdatacenter
06dc2d9b-b62b-11e5-ad0b-02b4d6763261,Erfurt (Juri-Gagarin-Ring),euNetworks,,,11.034196,50.972931,POINT (11.034196 50.972931),mapdatacenter
07867767-b62b-11e5-ad0b-02b4d6763261,Bielefeld (Niederwall),euNetworks,,,8.5329877,52.0222176,POINT (8.5329877 52.0222176),mapdatacenter
06cf8363-b62b-11e5-ad0b-02b4d6763261,Augsburg (Hirtenmahdweg),LEW TelNet,,,10.878718,48.399231,POINT (10.878718 48.399231),mapdatacenter
0698e30c-b62b-11e5-ad0b-02b4d6763261,Mannheim (Pfingstweidstrasse),euNetworks,,,8.4995079,49.460348,POINT (8.4995079 49.460348),mapdatacenter
078c43c7-b62b-11e5-ad0b-02b4d6763261,Mannheim,Zayo Group LLC,,,8.4660395,49.4874592,POINT (8.4660395 49.4874592),mapdatacenter
07c57c25-b62b-11e5-ad0b-02b4d6763261,Rechenzentrum München,MIVITEC GmbH,,,12.02496,48.98756,POINT (12.02496 48.98756),mapdatacenter
070f729e-b62b-11e5-ad0b-02b4d6763261,IDCH,IDCH Germany GmbH,,,7.655768,49.1716242,POINT (7.655768 49.1716242),mapdatacenter
0700cc90-b62b-11e5-ad0b-02b4d6763261,Halle an der Saale,Dell,,,11.99102,51.47206,POINT (11.99102 51.47206),mapdatacenter
06dfb010-b62b-11e5-ad0b-02b4d6763261,Frankfurt (Hanauer Landstrasse),First Colo GmbH,,,8.72594,50.11648,POINT (8.72594 50.11648),mapdatacenter
074d17d4-b62b-11e5-ad0b-02b4d6763261,Frankfurt (Boersenplatz),aixit GmbH,,,8.6771182,50.1150088,POINT (8.6771182 50.1150088),mapdatacenter
06dfb012-b62b-11e5-ad0b-02b4d6763261,Frankfurt (Rebstoeckerstrasse),Itenos,,,8.63176,50.0997,POINT (8.63176 50.0997),mapdatacenter
0705d5a2-b62b-11e5-ad0b-02b4d6763261,Frankfurt (Kleyerstrasse),Itenos,,,8.63226,50.09867,POINT (8.63226 50.09867),mapdatacenter
06a27ff8-b62b-11e5-ad0b-02b4d6763261,Frankfurt (Frankenallee),euNetworks,,,8.64752,50.10541,POINT (8.64752 50.10541),mapdatacenter
07c8b087-b62b-11e5-ad0b-02b4d6763261,Frankfurt 1,e-shelter services GmbH,60000,120000,8.60148,50.12931,POINT (8.60148 50.12931),mapdatacenter
b384dd3f-086f-424c-a600-3ecb210197a2,Wilhelm Fay Strasse														,Digital Realty Trust,6800,9000,8.5801701,50.127845,POINT (8.5801701 50.127845),mapdatacenter
8dafce83-86a8-4e46-b960-96d0e209f59a,Frankfurt,Cyxtera,421,1500,8.695786,50.113685,POINT (8.695786 50.113685),mapdatacenter
06d8f94e-b62b-11e5-ad0b-02b4d6763261,Frankfurt City,Colt,1143,2000,8.67242,50.12185,POINT (8.67242 50.12185),mapdatacenter
cdef4c5d-552f-454c-b0d0-e49cdb00f805,Frankfurt,Digital Ocean,,,8.573775,50.051998,POINT (8.573775 50.051998),mapdatacenter
d47044a7-be95-4417-9055-615411daa6ad,Frankfurt,Rackspace,,,8.573775,50.051998,POINT (8.573775 50.051998),mapdatacenter
07c5552c-b62b-11e5-ad0b-02b4d6763261,Frankfurt,CenturyLink,,,8.63461,50.1003,POINT (8.63461 50.1003),mapdatacenter
0791e913-b62b-11e5-ad0b-02b4d6763261,Frankfurt 5,Equinix,,0,8.63226,50.09867,POINT (8.63226 50.09867),mapdatacenter
07903b56-b62b-11e5-ad0b-02b4d6763261,Interwerk - Dieselstraße,Interwerk,,,8.7451601,50.1219745,POINT (8.7451601 50.1219745),mapdatacenter
074d3ee3-b62b-11e5-ad0b-02b4d6763261,NewTelco Frankfurt,NewTelco GmbH,,,8.6317631,50.0996967,POINT (8.6317631 50.0996967),mapdatacenter
07499563-b62b-11e5-ad0b-02b4d6763261,Frankfurt am Main,Cogent Communications Inc.,,,8.6833217,50.1165073,POINT (8.6833217 50.1165073),mapdatacenter
069a69a7-b62b-11e5-ad0b-02b4d6763261,Frankfurt,Thinking Phone Networks,,,8.6821267,50.1109221,POINT (8.6821267 50.1109221),mapdatacenter
06d8ab21-b62b-11e5-ad0b-02b4d6763261,Frankfurt 1,Equinix,,0,8.6783039,50.1164464,POINT (8.6783039 50.1164464),mapdatacenter
06df88f1-b62b-11e5-ad0b-02b4d6763261,INTERNIC Frankfurt,Internic,,,8.66704,50.10535,POINT (8.66704 50.10535),mapdatacenter
070909fc-b62b-11e5-ad0b-02b4d6763261,Accelerated FRA4,Accelerated IT Services GmbH,1200,0,8.742540776,50.13952242,POINT (8.742540776 50.13952242),mapdatacenter
070debf3-b62b-11e5-ad0b-02b4d6763261,Frankfurt,InGo,,,8.6821267,50.1109221,POINT (8.6821267 50.1109221),mapdatacenter
070dec01-b62b-11e5-ad0b-02b4d6763261,Frankfurt,NextPointHost,,,8.6821267,50.1109221,POINT (8.6821267 50.1109221),mapdatacenter
070f7292-b62b-11e5-ad0b-02b4d6763261,Frankfurt,CenturyLink,1123,4000,8.62005,50.10278,POINT (8.62005 50.10278),mapdatacenter
073dd597-b62b-11e5-ad0b-02b4d6763261,Frankfurt,Oracle,,,8.6821267,50.1109221,POINT (8.6821267 50.1109221),mapdatacenter
073dfca6-b62b-11e5-ad0b-02b4d6763261,NewColo Frankfurt,NewColo,,,8.63359,50.10179,POINT (8.63359 50.10179),mapdatacenter
06dbdf78-b62b-11e5-ad0b-02b4d6763261,Dusseldorf 1,Equinix,3000,,6.80702,51.21964,POINT (6.80702 51.21964),mapdatacenter
0700a58f-b62b-11e5-ad0b-02b4d6763261,Dusseldorf 2,Interxion,1200,,6.7734556,51.2277411,POINT (6.7734556 51.2277411),mapdatacenter
074d3ee0-b62b-11e5-ad0b-02b4d6763261,Berlin,CenturyLink,1981,6000,13.42876,52.45275,POINT (13.42876 52.45275),mapdatacenter
074353d6-b62b-11e5-ad0b-02b4d6763261,Berlin (Alboinstrasse),euNetworks,532,1400,13.36937,52.46566,POINT (13.36937 52.46566),mapdatacenter
06d6d668-b62b-11e5-ad0b-02b4d6763261,Berlin,e-shelter services GmbH,13000,30000,13.23829,52.53851,POINT (13.23829 52.53851),mapdatacenter
078c1cb1-b62b-11e5-ad0b-02b4d6763261,Location B,CarrierColo,1677,,13.36934,52.50202,POINT (13.36934 52.50202),mapdatacenter
070ab7a5-b62b-11e5-ad0b-02b4d6763261,Berlin,todo,,,13.37372,52.43267,POINT (13.37372 52.43267),mapdatacenter
07c702c3-b62b-11e5-ad0b-02b4d6763261,Pixelpark AG Colo II Berlin,Pixelpark AG,,,13.36877,52.50161,POINT (13.36877 52.50161),mapdatacenter
07865060-b62b-11e5-ad0b-02b4d6763261,I/P/B/ Carrier Colo Berlin,IPB Internet Provider in Berlin GmbH,,,13.36877,52.50161,POINT (13.36877 52.50161),mapdatacenter
07862930-b62b-11e5-ad0b-02b4d6763261,Speedbone Berlin,Speedbone,,,13.3728893,52.4639426,POINT (13.3728893 52.4639426),mapdatacenter
06cdaea4-b62b-11e5-ad0b-02b4d6763261,DNS:NET Colo I Berlin,DNS:NET,,,13.36934,52.50202,POINT (13.36934 52.50202),mapdatacenter
070bf021-b62b-11e5-ad0b-02b4d6763261,Frankfurt 3,Equinix,,0,8.582751,49.9856862,POINT (8.582751 49.9856862),mapdatacenter
07064ad5-b62b-11e5-ad0b-02b4d6763261,Munich,CenturyLink,2454,6000,11.6628571,48.136121,POINT (11.6628571 48.136121),mapdatacenter
06daa6f8-b62b-11e5-ad0b-02b4d6763261,Munich 1 (Arnulfstrasse),euNetworks,,,11.52094,48.14946,POINT (11.52094 48.14946),mapdatacenter
06d2b7bf-b62b-11e5-ad0b-02b4d6763261,Munich 2 (Arnulfstrasse),euNetworks,,,11.52322,48.14916,POINT (11.52322 48.14916),mapdatacenter
06daa700-b62b-11e5-ad0b-02b4d6763261,Munich 2,KPN International,,,11.55572,48.1423,POINT (11.55572 48.1423),mapdatacenter
07c702e9-b62b-11e5-ad0b-02b4d6763261,Munich 1,Equinix,4600,,11.55602,48.14381,POINT (11.55602 48.14381),mapdatacenter
07869e6c-b62b-11e5-ad0b-02b4d6763261,München,IGN GmbH,,,11.5787922,48.1105302,POINT (11.5787922 48.1105302),mapdatacenter
074f88df-b62b-11e5-ad0b-02b4d6763261,Rechenzentrum München,MIVITEC GmbH,,,11.66200876,48.13499098,POINT (11.66200876 48.13499098),mapdatacenter
074e505b-b62b-11e5-ad0b-02b4d6763261,Munich,Oracle,,,11.5819806,48.1351253,POINT (11.5819806 48.1351253),mapdatacenter
074353d4-b62b-11e5-ad0b-02b4d6763261,Munich 2,Equinix,,0,11.66168,48.13308,POINT (11.66168 48.13308),mapdatacenter
070adeb9-b62b-11e5-ad0b-02b4d6763261,Rechenzentrum München,MIVITEC GmbH,,,11.660839,48.135653,POINT (11.660839 48.135653),mapdatacenter
0700a58b-b62b-11e5-ad0b-02b4d6763261,SpaceNet Munich,SpaceNet,,,11.526074,48.13986,POINT (11.526074 48.13986),mapdatacenter
06dfb000-b62b-11e5-ad0b-02b4d6763261,Cable & Wireless Munich,Cable&Wireless Worldwide,,,11.52561,48.14036,POINT (11.52561 48.14036),mapdatacenter
06df88f3-b62b-11e5-ad0b-02b4d6763261,Munich 3,Equinix,,0,11.55602,48.14381,POINT (11.55602 48.14381),mapdatacenter
069c6582-b62b-11e5-ad0b-02b4d6763261,Munich,AlixPartners,,,11.5819806,48.1351253,POINT (11.5819806 48.1351253),mapdatacenter
07c8d793-b62b-11e5-ad0b-02b4d6763261,TMR DataCenter Bochum,TMR - Telekommunikation Mittleres Ruhrgebiet GmbH,,,7.19612,51.47233,POINT (7.19612 51.47233),mapdatacenter
073f8354-b62b-11e5-ad0b-02b4d6763261,TMR Telehouse Bochum,TMR - Telekommunikation Mittleres Ruhrgebiet GmbH,,,7.2193708,51.4886931,POINT (7.2193708 51.4886931),mapdatacenter
074b1c0d-b62b-11e5-ad0b-02b4d6763261,UNITED COLO GmbH / NGZ-Server.de Coburg,UNITED COLO GmbH,,,10.9587696,50.2549946,POINT (10.9587696 50.2549946),mapdatacenter
069c8c8f-b62b-11e5-ad0b-02b4d6763261,Dresden (Friedrich-List-Platz),euNetworks,,,13.73229,51.03883,POINT (13.73229 51.03883),mapdatacenter
07919aef-b62b-11e5-ad0b-02b4d6763261,SOCO Düren,SOCO Network Solutions GmbH,,,6.45693,50.8294,POINT (6.45693 50.8294),mapdatacenter
07c702e1-b62b-11e5-ad0b-02b4d6763261,Duesseldorf (Am Gatherhof),myLoc Managed Infrastructure AG,,,6.8174,51.26721,POINT (6.8174 51.26721),mapdatacenter
06fe82a5-b62b-11e5-ad0b-02b4d6763261,ColoCenter Frankfurt am Main GmbH,ColoCenter Frankfurt am Main GmbH,,,8.5614555,50.1467469,POINT (8.5614555 50.1467469),mapdatacenter
07064ad1-b62b-11e5-ad0b-02b4d6763261,ColoCenter Frankfurt,ColoCenter Frankfurt am Main GmbH,,,8.55744,50.14418,POINT (8.55744 50.14418),mapdatacenter
069f24a1-b62b-11e5-ad0b-02b4d6763261,Hamburg (Wendenstrasse),euNetworks,,,10.04809,53.5499,POINT (10.04809 53.5499),mapdatacenter
074e5050-b62b-11e5-ad0b-02b4d6763261,Hamburg (Wendenstrasse),Global Connect,,,10.04679,53.55094,POINT (10.04679 53.55094),mapdatacenter
070e1302-b62b-11e5-ad0b-02b4d6763261,Hamburg,e-shelter services GmbH,1230,1000,10.0162053,53.6374489,POINT (10.0162053 53.6374489),mapdatacenter
0786775a-b62b-11e5-ad0b-02b4d6763261,Hamburg Hammerbrook,ScaleUp Technologies,,,10.043328,53.547843,POINT (10.043328 53.547843),mapdatacenter
06dd6612-b62b-11e5-ad0b-02b4d6763261,Hamburg,CenturyLink,,,10.0457824,53.5510246,POINT (10.0457824 53.5510246),mapdatacenter
06d17f39-b62b-11e5-ad0b-02b4d6763261,Hamburg ,Colt,2535,6800,9.9872373,53.5563693,POINT (9.9872373 53.5563693),mapdatacenter
078c43d5-b62b-11e5-ad0b-02b4d6763261,IPHH - Wendenstrasse,IPHH - Internet Port Hamburg GmbH,,,10.0485539,53.5504172,POINT (10.0485539 53.5504172),mapdatacenter
0753f5a4-b62b-11e5-ad0b-02b4d6763261,n@work - Wandalenweg,n@work Internet Informationssysteme GmbH,,,10.0260568,53.5497868,POINT (10.0260568 53.5497868),mapdatacenter
069a69a9-b62b-11e5-ad0b-02b4d6763261,Hamburg,CenturyLink,1320,6000,10.04365,53.54799,POINT (10.04365 53.54799),mapdatacenter
074b6a24-b62b-11e5-ad0b-02b4d6763261,Hannover (Guenter-Wagner-Allee),euNetworks,,,9.76907,52.39812,POINT (9.76907 52.39812),mapdatacenter
073a2c1c-b62b-11e5-ad0b-02b4d6763261,SServ Hannover,Hostway Deutschland GmbH,,,9.7737388,52.3358144,POINT (9.7737388 52.3358144),mapdatacenter
06df8902-b62b-11e5-ad0b-02b4d6763261,DTS DataCenter Herford,DTS Service GmbH,,,8.64637,52.12009,POINT (8.64637 52.12009),mapdatacenter
0751f9d5-b62b-11e5-ad0b-02b4d6763261,Carrierswitchraum Jena,Thüringer Netkom,,,11.5870113,50.9269994,POINT (11.5870113 50.9269994),mapdatacenter
0746fd5b-b62b-11e5-ad0b-02b4d6763261,Intershop-Tower,IKS GmbH,,,11.58451,50.92887,POINT (11.58451 50.92887),mapdatacenter
069efd8b-b62b-11e5-ad0b-02b4d6763261,Kiel (Holzkoppelweg),euNetworks,,,10.1136982,54.3374005,POINT (10.1136982 54.3374005),mapdatacenter
07865051-b62b-11e5-ad0b-02b4d6763261,Hoern Campus Kiel,ADDIX Internet Services GmbH,,,10.13212,54.31068,POINT (10.13212 54.31068),mapdatacenter
06fed0ce-b62b-11e5-ad0b-02b4d6763261,KielNET Telehouse,Kielnet,,,10.12594,54.31698,POINT (10.12594 54.31698),mapdatacenter
073dae89-b62b-11e5-ad0b-02b4d6763261,Koeln (Theodor-Babilon-Strasse),euNetworks,,,6.9732,50.9373,POINT (6.9732 50.9373),mapdatacenter
07cb2170-b62b-11e5-ad0b-02b4d6763261,Leipzig (Maximilianallee),euNetworks,,,12.39941,51.36486,POINT (12.39941 51.36486),mapdatacenter
075443d5-b62b-11e5-ad0b-02b4d6763261,Webplus24 GmbH,Webplus24 GmbH,,,13.3941651,52.3544004,POINT (13.3941651 52.3544004),mapdatacenter
073c00d1-b62b-11e5-ad0b-02b4d6763261,Rehwork Hamburg,Rehwork GmbH,,,9.99387,53.70595,POINT (9.99387 53.70595),mapdatacenter
07889a3f-b62b-11e5-ad0b-02b4d6763261,Nuernberg (Fuerther Strasse),euNetworks,,,11.0332641,49.4586355,POINT (11.0332641 49.4586355),mapdatacenter
0786504a-b62b-11e5-ad0b-02b4d6763261,NorthC Nuremberg,NorthC Deutschland GmbH,,,11.177035860118876,49.38995691163436,POINT (11.177035860118876 49.38995691163436),mapdatacenter
069a90b7-b62b-11e5-ad0b-02b4d6763261,Nuremberg  Center (Deutschherrnstrasse),Noris Network AG,,,11.0636334,49.4539333,POINT (11.0636334 49.4539333),mapdatacenter
074b431c-b62b-11e5-ad0b-02b4d6763261,Nuremberg 3,Core-Backbone GmbH,,,11.0525563,49.4511786,POINT (11.0525563 49.4511786),mapdatacenter
0703b2c2-b62b-11e5-ad0b-02b4d6763261,Nuremberg 2,Core-Backbone GmbH,,,11.0525563,49.4511786,POINT (11.0525563 49.4511786),mapdatacenter
06cbd9ed-b62b-11e5-ad0b-02b4d6763261,Deutschherrn-Karree,Treureal Property Management GmbH,,,11.0636334,49.4539333,POINT (11.0636334 49.4539333),mapdatacenter
06a258e6-b62b-11e5-ad0b-02b4d6763261,Nuremberg 1,Core-Backbone GmbH,,,11.0525563,49.4511786,POINT (11.0525563 49.4511786),mapdatacenter
06fea9c6-b62b-11e5-ad0b-02b4d6763261,Offenbach (Strahlenbergerstrasse),aixit GmbH,,,8.73979,50.10679,POINT (8.73979 50.10679),mapdatacenter
073f8341-b62b-11e5-ad0b-02b4d6763261,R-Kom Rechenzentrum Regensburg,R-KOM,,,12.15295,49.01165,POINT (12.15295 49.01165),mapdatacenter
073a2c10-b62b-11e5-ad0b-02b4d6763261,Stuttgart (Zettachring),euNetworks,,,9.1711915,48.7088507,POINT (9.1711915 48.7088507),mapdatacenter
07862934-b62b-11e5-ad0b-02b4d6763261,Alpine Electronics R&D Europe,Alpine Electronics,,,9.16767,48.70907,POINT (9.16767 48.70907),mapdatacenter
0702051b-b62b-11e5-ad0b-02b4d6763261,interscholz Stuttgart Zettachring 10a,interscholz GmbH & Co. KG,,,9.172082,48.709116,POINT (9.172082 48.709116),mapdatacenter
06d290a6-b62b-11e5-ad0b-02b4d6763261,Kelsterbach,Lufthansa Systems,,,8.523974419,50.05110437,POINT (8.523974419 50.05110437),mapdatacenter
d73ea54a-7dc4-40bc-afbc-4c468e3a8f6a,Datacenterpark Nuremberg,Hetzner Online GmbH,,,11.014748800000007,49.4489969,POINT (11.014748800000007 49.4489969),mapdatacenter
07867773-b62b-11e5-ad0b-02b4d6763261,SWU ColoCenter Ulm,SWU Stadtwerke Ulm / Neu-Ulm GmbH,,,10.00102,48.40206,POINT (10.00102 48.40206),mapdatacenter
070debfe-b62b-11e5-ad0b-02b4d6763261,Frankfurt,Telehouse,25000,,8.6282526,50.0961156,POINT (8.6282526 50.0961156),mapdatacenter
8cea8251-78d2-4850-99c3-16fbbc97bada,Frankfurt 7,Equinix,,,8.644071,50.0968,POINT (8.644071 50.0968),mapdatacenter
903e0f39-6d48-4bc7-908f-3d61b47b6f2e,Frankfurt 2,Equinix,,,8.739973,50.144227,POINT (8.739973 50.144227),mapdatacenter
06e136b3-b62b-11e5-ad0b-02b4d6763261,Frankfurt 4,Interxion,1400,,8.73518,50.11893,POINT (8.73518 50.11893),mapdatacenter
8aab7110-3733-11e6-a5fc-062cb475084d,Frankfurt 10,Interxion,4800,,8.738470673561096,50.11953591033483,POINT (8.738470673561096 50.11953591033483),mapdatacenter
27bab650-6a29-11e6-b150-062cb475084d,Frankfurt 11,Interxion,4800,,8.739162683486938,50.11978700051717,POINT (8.739162683486938 50.11978700051717),mapdatacenter
06d15824-b62b-11e5-ad0b-02b4d6763261,Frankfurt 7,Interxion,1500,,8.734689999999999,50.11964,POINT (8.734689999999999 50.11964),mapdatacenter
07c8fe92-b62b-11e5-ad0b-02b4d6763261,Frankfurt 9,Interxion,800,,8.736936450004578,50.1195875043154,POINT (8.736936450004578 50.1195875043154),mapdatacenter
84e5e743-bde2-4cd0-9a23-b2b2d10d6083,Frankfurt,Verizon,1150,1125,8.62841119999996,50.09610900000001,POINT (8.62841119999996 50.09610900000001),mapdatacenter
565204df-e967-4a5c-b0d7-d4ae3ae0ed7c,Frankfurt,TATA Communications,,,8.682126700000026,50.11092209999999,POINT (8.682126700000026 50.11092209999999),mapdatacenter
07901468-b62b-11e5-ad0b-02b4d6763261,Frankfurt,Global Switch,6827,11900,8.59797679999997,50.1300511,POINT (8.59797679999997 50.1300511),mapdatacenter
5e7e4825-e48e-4d78-93cf-e061f8e6fd30,Berlin,Penta Berlin GmbH,,,13.618439999999964,52.51407,POINT (13.618439999999964 52.51407),mapdatacenter
0574db43-306c-4885-9c4e-cf7c8cacc6ef,Frankfurt,OVH,,,8.682126700000026,50.11092209999999,POINT (8.682126700000026 50.11092209999999),mapdatacenter
3f9a2990-6a29-11e6-b150-062cb475084d,Frankfurt 13,Interxion,4800,,8.739661574363708,50.119986495887645,POINT (8.739661574363708 50.119986495887645),mapdatacenter
309143d4-758e-46a9-a689-4e23f53a0cdd,Frankfurt 12,Interxion,1100,,8.7381818,50.1198083,POINT (8.7381818 50.1198083),mapdatacenter
ea38451a-9d64-4590-935d-950df16e480b,Project Marie,Nixdoft Data Center (NDC),18000,75000,11.665751251953225,48.2459022568715,POINT (11.665751251953225 48.2459022568715),mapdatacenter
f9883992-e3a3-4cff-ac5f-2cf26a072f1a,Heidelberg,University Heidelberg,,,8.706903499999953,49.4093092,POINT (8.706903499999953 49.4093092),mapdatacenter
1bec6537-4d27-467e-8829-26ceda9e1d00,Darmstadt,Facility for Antiproton and Ion Research in Europe Gmbh (FAIR),,,8.679435300000023,49.9311093,POINT (8.679435300000023 49.9311093),mapdatacenter
af66eb56-d407-430c-a151-efa23a6d84ca,Berlin,Max Delbrück Center for Molecular Medicine in the Helmholtz Association,140,1000,13.50694999999996,52.62770380000001,POINT (13.50694999999996 52.62770380000001),mapdatacenter
13826b47-d937-4fbd-927d-3419ea3a5dc7,Frankfurt,Center for Scientific Computing of the Goethe University Frankfurt (CSC),,,8.667763499999978,50.1270675,POINT (8.667763499999978 50.1270675),mapdatacenter
5c8b6db7-d641-4ee2-be67-0726deebbfa1, St. Leon-Rot,SAP,,,8.626533399999971,49.2568614,POINT (8.626533399999971 49.2568614),mapdatacenter
bdd3e7a5-8b12-425f-836e-07390c2e24a2,Frankfurt 3,NTT,4400,76500,8.421697600000016,49.98874970000001,POINT (8.421697600000016 49.98874970000001),mapdatacenter
bb75a6e8-bae8-4589-8a4a-159b3a949b42,Frankfurt,INAP (Internap Corporation),,,8.682126700000026,50.11092209999999,POINT (8.682126700000026 50.11092209999999),mapdatacenter
06dcf0e1-b62b-11e5-ad0b-02b4d6763261,Frankfurt 4,Equinix,12000,15000,8.588090100000045,50.09786949999999,POINT (8.588090100000045 50.09786949999999),mapdatacenter
1ad569c6-b040-484a-8cf9-9a5715515992,Berlin,NTT,13000,,13.404953999999975,52.52000659999999,POINT (13.404953999999975 52.52000659999999),mapdatacenter
cf898c91-da0a-468b-9223-e08e4476ccac,Munich 2,NTT,,,11.581980499999986,48.1351253,POINT (11.581980499999986 48.1351253),mapdatacenter
0f3168e5-e824-4f92-abfb-5360e5f831b3,Frankfurt 1,NTT,16250,102000,8.610028921679714,50.122369781591104,POINT (8.610028921679714 50.122369781591104),mapdatacenter
6095cf2e-ad84-48eb-adf8-f2c546bac1e0,Frankfurt Two,Zenium Technology Partners Limited,7500,17600,8.583367199999998,50.1286411982137,POINT (8.583367199999998 50.1286411982137),mapdatacenter
129d6b87-bc5c-4291-bf3b-a504e1dc8c97,Frankfurt 6,Equinix,,,8.588090100000045,50.09786949999999,POINT (8.588090100000045 50.09786949999999),mapdatacenter
484c9eb4-d574-4658-b327-a48069737147,Frankfurt Three,Zenium Technology Partners Limited,11000,40000,8.582358689410398,50.12861368663522,POINT (8.582358689410398 50.12861368663522),mapdatacenter
069d9dff-b62b-11e5-ad0b-02b4d6763261,Frankfurt 2,e-shelter services GmbH,1900,3000,8.73852869999996,50.1208203,POINT (8.73852869999996 50.1208203),mapdatacenter
58b400d8-8308-44bb-8e05-655ef906e103,Frankfurt 3,e-shelter services GmbH,4000,90000,8.450269400000025,49.97472020000001,POINT (8.450269400000025 49.97472020000001),mapdatacenter
840dc7b1-dbcb-4fbe-9002-208a582901f2,Munich 1,e-shelter services GmbH,1960,3000,11.747954400000026,48.1501081,POINT (11.747954400000026 48.1501081),mapdatacenter
3aa9dd5c-e16d-4399-8c1f-d103748315ce,Munich 2,e-shelter services GmbH,6200,20000,11.570335800000066,48.29075160000001,POINT (11.570335800000066 48.29075160000001),mapdatacenter
a8718117-d6f7-4a25-8f76-1d6a7052be92,Frankfurt 4,e-shelter services GmbH,24000,,8.47435209672858,50.06307161860694,POINT (8.47435209672858 50.06307161860694),mapdatacenter
23e11289-17c6-4b4e-8bd4-16ca06312bbe,Marburg,3U Telecom,,,8.766395399999965,50.7910255,POINT (8.766395399999965 50.7910255),mapdatacenter
3dc1bed1-6c49-4ced-9cb0-3b2672cdb658,Frankfurt,3U Telecom,,,8.635692800000015,50.0985995,POINT (8.635692800000015 50.0985995),mapdatacenter
07064ae1-b62b-11e5-ad0b-02b4d6763261,Hannover,3U Telecom,600,,9.731908900000008,52.4041552,POINT (9.731908900000008 52.4041552),mapdatacenter
0698bbfe-b62b-11e5-ad0b-02b4d6763261,Frankfurt 6,Interxion,2200,,8.73530204232793,50.11987512496356,POINT (8.73530204232793 50.11987512496356),mapdatacenter
06fc86e4-b62b-11e5-ad0b-02b4d6763261,Duesseldorf,comtrance GmbH,400,1000,6.868398999999954,51.187312,POINT (6.868398999999954 51.187312),mapdatacenter
07cb2186-b62b-11e5-ad0b-02b4d6763261,Hamburg,KPN International,,,10.038250400000038,53.5509977,POINT (10.038250400000038 53.5509977),mapdatacenter
078a6ef5-b62b-11e5-ad0b-02b4d6763261,Frankfurt 2,Interxion,1100,,8.73589000000004,50.120293955845256,POINT (8.73589000000004 50.120293955845256),mapdatacenter
070debff-b62b-11e5-ad0b-02b4d6763261,Frankfurt 1,Interxion,505,,8.735556355819654,50.119578140080655,POINT (8.735556355819654 50.119578140080655),mapdatacenter
07903b6b-b62b-11e5-ad0b-02b4d6763261,Frankfurt 5,Interxion,1700,,8.736989999999992,50.12045999999999,POINT (8.736989999999992 50.12045999999999),mapdatacenter
0703b2ce-b62b-11e5-ad0b-02b4d6763261,Frankfurt 3,Interxion,2200,,8.73608999999999,50.11935,POINT (8.73608999999999 50.11935),mapdatacenter
fa2a0ae5-382f-4004-a8e5-e39091656986,Frankfurt (Lyoner Strasse),Cogent Communications Inc.,214,,8.62710930000003,50.0812928,POINT (8.62710930000003 50.0812928),mapdatacenter
06d6d660-b62b-11e5-ad0b-02b4d6763261,Rostock (Lessingstrasse),euNetworks,,,12.138343099999929,54.0750997,POINT (12.138343099999929 54.0750997),mapdatacenter
06cc4f18-b62b-11e5-ad0b-02b4d6763261,Duesseldorf (Leopoldstrasse),euNetworks,,,6.790382200000067,51.2264399,POINT (6.790382200000067 51.2264399),mapdatacenter
06ce71f5-b62b-11e5-ad0b-02b4d6763261,Karlsruhe (Albert-Nestler-Strasse),euNetworks,,,8.440484500000025,49.0201267,POINT (8.440484500000025 49.0201267),mapdatacenter
074b431f-b62b-11e5-ad0b-02b4d6763261,Lyoner Strasse 28,Digital Realty Trust,3600,10370,8.62315609999996,50.0817092,POINT (8.62315609999996 50.0817092),mapdatacenter
0788c162-b62b-11e5-ad0b-02b4d6763261,Bremen (Hermann-Ritter-Strasse),euNetworks,,,8.772872900000038,53.07647,POINT (8.772872900000038 53.07647),mapdatacenter
06daa6ff-b62b-11e5-ad0b-02b4d6763261,Dortmund (Im Spaehenfelde),euNetworks,,,7.487921400000005,51.5209565,POINT (7.487921400000005 51.5209565),mapdatacenter
07c8d7a9-b62b-11e5-ad0b-02b4d6763261,Duesseldorf,Telia Carrier,,,6.866080000000011,51.188,POINT (6.866080000000011 51.188),mapdatacenter
d856f7ab-4064-4963-866c-a97c1b2d4b75,Bonn (Holtorfer Strasse),tops.net,,,7.152949600000056,50.73950989999999,POINT (7.152949600000056 50.73950989999999),mapdatacenter
fabe9ad9-105e-417c-8771-739497c92568,Stuttgart (Breitwiesenstrasse),KPN International,,,9.128586600000062,48.7214281,POINT (9.128586600000062 48.7214281),mapdatacenter
93fe3402-ca6f-4574-8572-ab5c51b8c6f1,Stuttgart (Zettachring),Plus.line,,,9.17190759999994,48.7086584,POINT (9.17190759999994 48.7086584),mapdatacenter
06dfd71a-b62b-11e5-ad0b-02b4d6763261,Dusseldorf (Vogelsanger Weg),Itenos,,,6.798703899999964,51.2586759,POINT (6.798703899999964 51.2586759),mapdatacenter
de73cd1a-2588-49d3-99c2-0b5b6e8faf28,Leverkusen (Bahnhofstrasse),Itenos,1000,,7.005279400000063,51.0665317,POINT (7.005279400000063 51.0665317),mapdatacenter
4cda60d1-a6cf-4323-a8b7-6038c1fa1faf,Hamburg (Bauerbergweg),Deutsche Telekom,,,10.076929999999948,53.54667000000001,POINT (10.076929999999948 53.54667000000001),mapdatacenter
8f6d63b4-73a9-4533-a556-5fef231f5803,Munich (Landsberger Strasse),Vodafone Group Plc,,,11.52660979999996,48.1400465,POINT (11.52660979999996 48.1400465),mapdatacenter
6c53d8bc-570c-4f9b-ab72-65d7cad43f3d,Munich (Hansastrasse),Orange,,,11.534571700000015,48.1286018,POINT (11.534571700000015 48.1286018),mapdatacenter
a08d6976-e3c7-46c4-821d-3b13c5b5ac13,Munich (Balanstrasse),QSC AG,5000,,11.60246600000005,48.1179152,POINT (11.60246600000005 48.1179152),mapdatacenter
ccde685a-b636-4dce-a1aa-708896084ba3,Nuremberg (Am Tower),QSC AG,,,11.177059999999983,49.38990999999999,POINT (11.177059999999983 49.38990999999999),mapdatacenter
06e10f91-b62b-11e5-ad0b-02b4d6763261,Nuremberg South (Thomas-Mann-Strasse),Noris Network AG,,,11.130120000000034,49.41013,POINT (11.130120000000034 49.41013),mapdatacenter
eadf889b-ad1f-4a07-8cad-4f1c402e605a,Munich Center (Seidlstrasse),Noris Network AG,,,11.557314099999985,48.1432596,POINT (11.557314099999985 48.1432596),mapdatacenter
0e11638a-00b4-422b-aff2-b7180b62ca84,EVO,EVO,,,8.743675899999971,50.1109203,POINT (8.743675899999971 50.1109203),mapdatacenter
67989dec-5adf-446d-a595-e456762f8e78,Gutersloh (An der Autobahn),Arvato,,,8.440561800000069,51.8813779,POINT (8.440561800000069 51.8813779),mapdatacenter
c0a3c612-db93-413a-97eb-8ac8c926bd4f,Bielefeld (Schweriner Strasse),Siemens,,,8.562170000000037,52.00909,POINT (8.562170000000037 52.00909),mapdatacenter
06d305db-b62b-11e5-ad0b-02b4d6763261,Munich East (Klausnerstrasse),Noris Network AG,,,11.577051100000062,48.10198279999999,POINT (11.577051100000062 48.10198279999999),mapdatacenter
e0218c07-0a1d-4fea-84a8-9d911170546d,Frankfurt (Hanauer Landstrasse),Claranet,,,8.723207099999968,50.11473369999999,POINT (8.723207099999968 50.11473369999999),mapdatacenter
1b403b11-f978-4f33-9b90-44adc4c7e6ff,Kelsterbach (Am Weiher),IBM,,,8.524149999999963,50.05252,POINT (8.524149999999963 50.05252),mapdatacenter
979c3a17-afca-471a-91cc-a9fdc4b49dc1,Cologne Broadcasting Center,Cologne Broadcasting Center,,,6.9713063000000375,50.9437057,POINT (6.9713063000000375 50.9437057),mapdatacenter
4b1b3693-9fd1-4968-9ac7-545976201517,City Hall,City of Ingolstadt,,,11.425570300000004,48.7629648,POINT (11.425570300000004 48.7629648),mapdatacenter
574dbfed-7641-4c02-bbf8-dafee2440aac,DARZ,DARZ,2400,,8.642611999999986,49.8769843,POINT (8.642611999999986 49.8769843),mapdatacenter
ecbbc7fa-5207-4863-95aa-c998737ad03f,Mainova,Mainova,,,8.633179000000041,50.1187908,POINT (8.633179000000041 50.1187908),mapdatacenter
b97864e6-b2d9-4ab0-b0e1-be5ca6028779,Eschborn (Rahmannstrasse),Orange,,,8.56939639999996,50.1319111,POINT (8.56939639999996 50.1319111),mapdatacenter
632056f9-edaf-4947-a69c-0647c89fa2fc,Frankfurt (Rebstoecker Strasse),Telia Carrier,,,8.629584799999975,50.10089999999999,POINT (8.629584799999975 50.10089999999999),mapdatacenter
07903b66-b62b-11e5-ad0b-02b4d6763261,Frankfurt One,Zenium Technology Partners Limited,5000,9100,8.583001400000057,50.1281055,POINT (8.583001400000057 50.1281055),mapdatacenter
dff205bf-b0b1-486d-8621-fc35de9e08d4,Hilden (Ellerstrasse),Interoute,,,6.920281499999987,51.1704324,POINT (6.920281499999987 51.1704324),mapdatacenter
c14bec6d-9823-4c70-a7a0-c2470f50d928,Dusseldorf (Grafenberger Allee),BT Global Services,,,6.804159099999993,51.2312988,POINT (6.804159099999993 51.2312988),mapdatacenter
efa9cc65-844f-4e5e-98c1-8cfa7ebe001d,Hamburg (Flughafenstrasse),Telia Carrier,,,10.015680100000054,53.63873,POINT (10.015680100000054 53.63873),mapdatacenter
329f026d-e7e9-4c21-9177-28a58e7c979f,Hamburg (Obenhauptstrasse),Lufthansa Systems,,,10.008019999999988,53.61915,POINT (10.008019999999988 53.61915),mapdatacenter
aa3a4dae-0491-47ea-a5ce-ca82291de402,Hamburg (Paul-Stritter-Weg),akquinet,,,10.025449600000002,53.61194359999999,POINT (10.025449600000002 53.61194359999999),mapdatacenter
73cb7246-fd01-40a5-9eef-e6e8bb6f87d5,Itzehoe (Itzehoer Platz),akquinet,,,9.49801279999997,53.9350627,POINT (9.49801279999997 53.9350627),mapdatacenter
b5b66b47-b3a0-4485-9b40-e92c6003be77,Norderstedt (Ulzburger Strasse),akquinet,,,9.993972999999983,53.70009,POINT (9.993972999999983 53.70009),mapdatacenter
bfbe5892-3332-44a7-bf44-ac1945f7340c,Signal Iduna,SIGNAL IDUNA,,,9.99334220000003,53.5608859,POINT (9.99334220000003 53.5608859),mapdatacenter
070f2481-b62b-11e5-ad0b-02b4d6763261,Berlin (Gradestrasse),Versatel AG,,,13.429914899999972,52.4526388,POINT (13.429914899999972 52.4526388),mapdatacenter
eb12b214-68ed-4fe9-856d-ff01b0ea14ff,Hamburg (Wendenstrasse),Versatel AG,,,10.046399199999996,53.5509417,POINT (10.046399199999996 53.5509417),mapdatacenter
de81e629-1175-4d3f-b40b-59274be005fb,Berlin (Stromstrasse),D-Hosting GmbH,,,13.342708700000003,52.52411350000001,POINT (13.342708700000003 52.52411350000001),mapdatacenter
4381d2db-0ee7-4be2-b3fa-6fbda8c0eb8c,Stuttgart (Zettachring),Telia Carrier,,,9.171191399999998,48.70828069999999,POINT (9.171191399999998 48.70828069999999),mapdatacenter
a45af0c4-5b5c-4336-b8f9-5fe452b0f0f7,Bamberg (Gutenbergstrasse),T-Systems International GmbH,,,10.926040000000057,49.88346999999999,POINT (10.926040000000057 49.88346999999999),mapdatacenter
48a93355-4433-4e36-af1a-248fed07dcf1,Cologne,NetCologne GmbH,2500,,6.889458300000001,50.9446027,POINT (6.889458300000001 50.9446027),mapdatacenter
578c6548-31e3-47ed-bb45-43f22bf1bb85,Dresden,Telia Carrier,,,13.68751999999995,51.07297,POINT (13.68751999999995 51.07297),mapdatacenter
18f2bb0b-55b5-40e3-925e-d226a68377fb,Hamburg (Langenhorner Chausse),Telia Carrier,,,10.015819999999962,53.6376,POINT (10.015819999999962 53.6376),mapdatacenter
446c8169-38b2-4507-be06-e5000479e979,Hannover (Beiersdorfstrasse),Telia Carrier,,,9.729809700000033,52.40605,POINT (9.729809700000033 52.40605),mapdatacenter
44d3ba4b-1fb7-4a56-9e1f-a5356d800c58,Munich,M-Net Telecommunications Ltd.,,,11.587741100000017,48.1850193,POINT (11.587741100000017 48.1850193),mapdatacenter
0ade628b-a370-4d06-b147-9527f0ce5660,Munich,Telia Carrier,,,11.588449999999966,48.1882052,POINT (11.588449999999966 48.1882052),mapdatacenter
079396b1-b62b-11e5-ad0b-02b4d6763261,Duesseldorf (In der Steele),CenturyLink,1205,4000,6.867279999999937,51.18819000000001,POINT (6.867279999999937 51.18819000000001),mapdatacenter
432df523-d9e2-4bc5-b64e-c425c9011026,Frankfurt (Hahnstrasse),T-Systems International GmbH,,,8.635082000000011,50.082949,POINT (8.635082000000011 50.082949),mapdatacenter
06ce4ae1-b62b-11e5-ad0b-02b4d6763261,Biere (Bördeland),T-Systems International GmbH,,,11.65387110000006,51.9814359,POINT (11.65387110000006 51.9814359),mapdatacenter
74e899b4-edea-4172-aeb6-4e95fb661a00,Bielefeld (Detmolder Strasse),T-Systems International GmbH,,,8.578399999999988,51.99936,POINT (8.578399999999988 51.99936),mapdatacenter
aa5c505b-abb9-40d7-8c61-585bbcd79c63,Frankfurt Niederrad ,T-Systems International GmbH,,,8.657994899999949,50.103264,POINT (8.657994899999949 50.103264),mapdatacenter
8c2d9c35-819c-4d01-bda4-affda6301913,Frankfurt Eschorn,T-Systems International GmbH,,,8.601106800000025,50.1281415,POINT (8.601106800000025 50.1281415),mapdatacenter
c545704b-c9a7-4041-8727-f64ca861d76a,Frankfurt Heddernheim,T-Systems International GmbH,,,8.638040000000046,50.17053,POINT (8.638040000000046 50.17053),mapdatacenter
21d52da5-a889-4e0c-b69f-475c24ef1013,Frankfurt Seckbach,T-Systems International GmbH,,,8.739774099999977,50.1429959,POINT (8.739774099999977 50.1429959),mapdatacenter
2018797f-641d-4735-8b85-38b0b120d4f3,Göppingen (Salamanderstrasse),T-Systems International GmbH,,,9.623829999999998,48.71250999999999,POINT (9.623829999999998 48.71250999999999),mapdatacenter
6117b63c-54b6-4b90-acf3-cd9680a4fb21,Krefeld (Europark Fichtenhain),T-Systems International GmbH,,,6.557909999999993,51.29948,POINT (6.557909999999993 51.29948),mapdatacenter
7c444424-0cfb-4ded-a433-3efca97dd63a,Magdeburg  (Lubecker Strasse),T-Systems International GmbH,,,11.639037899999948,52.14879,POINT (11.639037899999948 52.14879),mapdatacenter
31f4ee32-687d-417e-aed4-0def35ff62a6,Munich Allach,T-Systems International GmbH,,,11.48098379999999,48.21329229999999,POINT (11.48098379999999 48.21329229999999),mapdatacenter
84abd434-15fe-4e9b-9513-99734849b1e3,Munich EIP,T-Systems International GmbH,,,11.592890000000011,48.19345,POINT (11.592890000000011 48.19345),mapdatacenter
4114411e-9697-4fd1-8cb7-e6c49cd77859,Münster (Wolbeckerstrasse),T-Systems International GmbH,,,7.667178299999932,51.94989,POINT (7.667178299999932 51.94989),mapdatacenter
59a616e3-8764-4cba-bfe1-08a1cba5520f,Kiel (Bunsenstrasse),T-Systems International GmbH,,,10.152879999999982,54.28306,POINT (10.152879999999982 54.28306),mapdatacenter
a7662df4-7afd-414e-b8c7-2637911913e3,Hamburg (Schellerdamm),T-Systems International GmbH,,,9.986051299999986,53.46511289999999,POINT (9.986051299999986 53.46511289999999),mapdatacenter
26c2b5f0-cb9e-4a29-bcc0-a8037219caf3,Bonn (Landgrabenweg),T-Systems International GmbH,,,7.142663299999981,50.7229842,POINT (7.142663299999981 50.7229842),mapdatacenter
2976f156-926b-49ab-aceb-2ce369830df9,Franfurt,Tieto,,,8.682126700000026,50.11092209999999,POINT (8.682126700000026 50.11092209999999),mapdatacenter
adf03c98-7a67-4952-8a96-b50072d5ef5d,Berlin,3U Telecom,1000,,13.389077600000064,52.4557653,POINT (13.389077600000064 52.4557653),mapdatacenter
07cb217d-b62b-11e5-ad0b-02b4d6763261,Berlin,Colt,3600,5280,13.318852399999969,52.5275092,POINT (13.318852399999969 52.5275092),mapdatacenter
0791c200-b62b-11e5-ad0b-02b4d6763261,Location K,CarrierColo,620,,13.373860000000036,52.43269,POINT (13.373860000000036 52.43269),mapdatacenter
0516a9d3-2a0d-4302-a470-a97c8717ffa6,Office Berlin,Deutsche Welle,,,13.387863100000004,52.5411373,POINT (13.387863100000004 52.5411373),mapdatacenter
07452897-b62b-11e5-ad0b-02b4d6763261,Frankfurt,Acronis,,,8.682126700000026,50.11092209999999,POINT (8.682126700000026 50.11092209999999),mapdatacenter
a10c0c8f-f924-4715-b5ac-72c593aeca21,Cologne,Acronis,,,6.960278600000038,50.937531,POINT (6.960278600000038 50.937531),mapdatacenter
67600ccb-96b8-4c6b-87ba-60c44b1793cb,Frankfurt,Brookfield Infrastructure Partners LP,397,256,8.598073099999965,50.1299946,POINT (8.598073099999965 50.1299946),mapdatacenter
074e5052-b62b-11e5-ad0b-02b4d6763261,Frankfurt 8,Interxion,3700,,8.736444593115266,50.11881489262202,POINT (8.736444593115266 50.11881489262202),mapdatacenter
65d3f116-7eb4-4699-ae28-4bccbd166b91,Frankfurt 2,Zenlayer,,,8.73608999999999,50.11935,POINT (8.73608999999999 50.11935),mapdatacenter
56267f83-14c9-48af-9fe5-e33347626998,Frankfurt 1,Zenlayer,,,8.734630000000038,50.11967,POINT (8.734630000000038 50.11967),mapdatacenter
07919af4-b62b-11e5-ad0b-02b4d6763261,Frankfurt,ASPHostPortal.com Web Services,,,8.664411834393377,50.10112351257186,POINT (8.664411834393377 50.10112351257186),mapdatacenter
06cee728-b62b-11e5-ad0b-02b4d6763261, Karlsruhe,"1&1 Internet, Inc.",,,8.385733399999936,48.999727,POINT (8.385733399999936 48.999727),mapdatacenter
